<?xml version="1.0"?>
<!--Mapping for Bank Statement-->
<Bank_Statement_Application>
  <id>498349
    <CustomerName>Robert Stevens</CustomerName>
      <account type="Savings">
       <id>3491</id>
        <SavingsStart>500.00</SavingsStart>
        <SavingsEnd>1000.00</SavingsEnd>
        <DebitDate>9/15/03</DebitDate>
        <DebitAmount>200.00</DebitAmount>
        <CreditDate>9/17/03</CreditDate>
        <CreditAmount>700.00</CreditAmount>
      </account>
      <account type="Checking">
       <id>3492</id>
        <CheckingStart>400.00</CheckingStart>
        <CheckingEnd>600.00</CheckingEnd>
        <DebitDate>9/15/03</DebitDate>
        <DebitAmount>100.00</DebitAmount>
        <CreditDate>9/27/03</CreditDate>
        <CreditAmount>300.00</CreditAmount>
      </account>
    </id>
  <id>498365
    <CustomerName>Lisa Blackburn</CustomerName>
      <account type="Savings">
       <id>3651</id>
        <SavingsStart>500.00</SavingsStart>
        <SavingsEnd>1000.00</SavingsEnd>
        <DebitDate>9/15/03</DebitDate>
        <DebitAmount>200.00</DebitAmount>
        <CreditDate>9/17/03</CreditDate>
        <CreditAmount>700.00</CreditAmount>
      </account>
    </id>
  <id>498399
    <CustomerName>Carlos Martinez</CustomerName>
      <account type="Savings">
       <id>3991</id>
        <SavingsStart>500.00</SavingsStart>
        <SavingsEnd>1000.00</SavingsEnd>
        <DebitDate>9/15/03</DebitDate>
        <DebitAmount>200.00</DebitAmount>
        <CreditDate>9/17/03</CreditDate>
        <CreditAmount>700.00</CreditAmount>
      </account>
      <account type="Checking">
       <id>3992</id>
        <CheckingStart>400.00</CheckingStart>
        <CheckingEnd>600.00</CheckingEnd>
        <DebitDate>9/15/03</DebitDate>
        <DebitAmount>100.00</DebitAmount>
        <CreditDate>9/27/03</CreditDate>
        <CreditAmount>300.00</CreditAmount>
      </account>
    </id>
  <id>498301
    <CustomerName>James Raymond</CustomerName>
      <account type="Savings">
       <id>3011</id>
        <SavingsStart>500.00</SavingsStart>
        <SavingsEnd>1000.00</SavingsEnd>
        <DebitDate>9/15/03</DebitDate>
        <DebitAmount>200.00</DebitAmount>
        <CreditDate>9/17/03</CreditDate>
        <CreditAmount>700.00</CreditAmount>
      </account>
      <account type="Checking">
       <id>3012</id>
        <CheckingStart>400.00</CheckingStart>
        <CheckingEnd>600.00</CheckingEnd>
        <DebitDate>9/15/03</DebitDate>
        <DebitAmount>100.00</DebitAmount>
        <CreditDate>9/27/03</CreditDate>
        <CreditAmount>300.00</CreditAmount>
      </account>
    </id>
  <id>498330
    <CustomerName>Jose Rojas</CustomerName>
      <account type="Checking">
       <id>3302</id>
        <CheckingStart>400.00</CheckingStart>
        <CheckingEnd>600.00</CheckingEnd>
        <DebitDate>9/15/03</DebitDate>
        <DebitAmount>100.00</DebitAmount>
        <CreditDate>9/27/03</CreditDate>
        <CreditAmount>300.00</CreditAmount>
      </account>
    </id>
</Bank_Statement_Application>

