<Sponsors>
  <Sponsor>
    <Advisor_Name>John Advisor</Advisor_Name>
    <Advisor_Firm>American Capital Investments</Advisor_Firm>
    <Pitch_Date>07/04/2007</Pitch_Date>
    <Product_Selection>Corporate Retirement Plans</Product_Selection>
    <Chart_Type_Preference>Bar</Chart_Type_Preference>
    <Upload_Image_Name>Exstream</Upload_Image_Name>
    <Investment_Info_Sections>
      <Section_OurInvestmentPhilosophy>False</Section_OurInvestmentPhilosophy>
      <Section_InvestmentChoices>False</Section_InvestmentChoices>
      <Section_TargetDateFunds>False</Section_TargetDateFunds>
      <Section_MorningstarRatings>False</Section_MorningstarRatings>
    </Investment_Info_Sections>
    <Additional_Options>
      <Option_SponsorResources>False</Option_SponsorResources>
      <Option_ERISA_Services>False</Option_ERISA_Services>
      <Option_Participant_Comms>False</Option_Participant_Comms>
      <Option_Participant_Tools>False</Option_Participant_Tools>
    </Additional_Options>
    <Fulfillment>
      <PDF>False</PDF>
      <Powerpoint>False</Powerpoint>
    </Fulfillment>
  </Sponsor>
</Sponsors>