<?xml version="1.0" encoding="UTF-8"?>
<INVACC_SUM_REPORT xmlns="http://greenerfinancial.com/namespace" xmlns:xsi="http://www.w3.org/2001/XMLSchema-instance" xsi:schemaLocation="http://greenerfinancial.com/namespaceC:\workspace\TestPBR\pbrschemaPOC.xsd">
	<Cover_Page>
	    <SSN>123-45-6789</SSN>
		<Report_Period>March 1, 2007 - March 31, 2007</Report_Period>
		<Reln_Mgr>Jonathan Doe, 212.555.5555,jdoe@greenerfinancial.com</Reln_Mgr>
		<Other_Bny_Cts>
			<Trust_Adv>Trust Officer: Susan Brown, 212.999.9999,sbrown@greenerfinancial.com</Trust_Adv>
			<Inv_Adv>Investment Advisor: Robert Cook, 212.888.8989, rcook@greenerfinancial.com</Inv_Adv>
			<Port_Adm>Portfolio Administrator: John Mitchell, 212.999.9090, jmitchell@greenerfinancial.com</Port_Adm>
		</Other_Bny_Cts>
		<FootNote1>Contact Your Local Representative for information. </FootNote1>
		<FootNote2>Or visit our website at greenerfinancial.com </FootNote2>
		<Header>Cover Page</Header>
		<Footer>This document is confidential and All Rights Reserved.</Footer>
		<Corp_Logo/>
	</Cover_Page>
	<Portfolio_Summary>
		<AssetAll_PerCent_SecType>
			<Asset>
				<SecType>Equities</SecType>
				<Allocation>10</Allocation>
			</Asset>
			<Asset>
				<SecType>Fixed Income</SecType>
				<Allocation>20</Allocation>
			</Asset>
			<Asset>
				<SecType>Mutual Funds-Equity</SecType>
				<Allocation>10</Allocation>
			</Asset>
			<Asset>
				<SecType>Mutual Funds-Fixed Income</SecType>
				<Allocation>20</Allocation>
			</Asset>
			<Asset>
				<SecType>Hedge Funds</SecType>
				<Allocation>5</Allocation>
			</Asset>
			<Asset>
				<SecType>Private Equity Funds</SecType>
				<Allocation>10</Allocation>
			</Asset>
			<Asset>
				<SecType>Other</SecType>
				<Allocation>10</Allocation>
			</Asset>
			<Asset>
				<SecType>Cash &amp; Short Term</SecType>
				<Allocation>15</Allocation>
			</Asset>
		</AssetAll_PerCent_SecType>
		<PerformanceType>
			<PerformData>
				<Period>5/05</Period>
				<MktValue>4.50</MktValue>
			</PerformData>
			<PerformData>
				<Period>6/05</Period>
				<MktValue>4.90</MktValue>
			</PerformData>
			<PerformData>
				<Period>7/05</Period>
				<MktValue>4.87</MktValue>
			</PerformData>
			<PerformData>
				<Period>8/05</Period>
				<MktValue>4.70</MktValue>
			</PerformData>
			<PerformData>
				<Period>9/05</Period>
				<MktValue>4.20</MktValue>
			</PerformData>
			<PerformData>
				<Period>10/05</Period>
				<MktValue>4.50</MktValue>
			</PerformData>
			<PerformData>
				<Period>11/05</Period>
				<MktValue>4.60</MktValue>
			</PerformData>
			<PerformData>
				<Period>12/05</Period>
				<MktValue>5.11</MktValue>
			</PerformData>
			<PerformData>
				<Period>1/06</Period>
				<MktValue>5.20</MktValue>
			</PerformData>
			<PerformData>
				<Period>2/06</Period>
				<MktValue>4.30</MktValue>
			</PerformData>
			<PerformData>
				<Period>3/06</Period>
				<MktValue>4.98</MktValue>
			</PerformData>
			<PerformData>
				<Period>4/06</Period>
				<MktValue>5.25</MktValue>
			</PerformData>
			<PerformData>
				<Period>5/06</Period>
				<MktValue>5.89</MktValue>
			</PerformData>
		</PerformanceType>
		<Inv_Acct>
			<AccHdrLbls>
				<AcctLbl>Account Name &amp; Number</AcctLbl>
				<Inv_Stgy_And_MgrLbl>Investment Strategy and Manager</Inv_Stgy_And_MgrLbl>
				<Inv_Val_Dte_OneLbl>Investment Value as of 4/30/2006</Inv_Val_Dte_OneLbl>
				<Contr_And_WdlLbl>Contributions &amp; Withdrawals</Contr_And_WdlLbl>
				<Dvds_And_IntLbl>Dividends and Interest</Dvds_And_IntLbl>
				<Chnge_Inv_ValLbl>Change in Investment Value</Chnge_Inv_ValLbl>
				<Inv_Val_Dte_TwoLbl>Investment Value as of 5/30/2006</Inv_Val_Dte_TwoLbl>
			</AccHdrLbls>
			<AccountData>
				<Acct>J. Smith Family Investment Management (1234567890)</Acct>
				<Inv_Stgy_And_Mgr>Value Growth - EXF Asset Management</Inv_Stgy_And_Mgr>
				<Inv_Val_Dte_One>1000.99</Inv_Val_Dte_One>
				<Contr_And_Wdl>1050.00</Contr_And_Wdl>
				<Dvds_And_Int>2000.00</Dvds_And_Int>
				<Chnge_Inv_Val>2050.50</Chnge_Inv_Val>
				<Inv_Val_Dte_Two>9000.00</Inv_Val_Dte_Two>
			</AccountData>
			<AccountData>
				<Acct>J. Smith Trust Holdings  (987654) [1]</Acct>
				<Inv_Stgy_And_Mgr>Income - EXF Asset Management</Inv_Stgy_And_Mgr>
				<Inv_Val_Dte_One>2345.50</Inv_Val_Dte_One>
				<Contr_And_Wdl>200.00</Contr_And_Wdl>
				<Dvds_And_Int>569.90</Dvds_And_Int>
				<Chnge_Inv_Val>981.10</Chnge_Inv_Val>
				<Inv_Val_Dte_Two>2000.00</Inv_Val_Dte_Two>
			</AccountData>
			<AccountData>
				<Acct>J. Smith Command Account (ARW12345)</Acct>
				<Inv_Stgy_And_Mgr>Holding Account - EXF Investment</Inv_Stgy_And_Mgr>
				<Inv_Val_Dte_One>348.87</Inv_Val_Dte_One>
				<Contr_And_Wdl>10035.50</Contr_And_Wdl>
				<Dvds_And_Int>5000.00</Dvds_And_Int>
				<Chnge_Inv_Val>2020.20</Chnge_Inv_Val>
				<Inv_Val_Dte_Two>8000.79</Inv_Val_Dte_Two>
			</AccountData>
			<AccountData>
				<Acct>J. Smith Command Account (ARW12345) [2]</Acct>
				<Inv_Stgy_And_Mgr>Large Capitalization Value- MFS Institutional Advisors</Inv_Stgy_And_Mgr>
				<Inv_Val_Dte_One>5689.90</Inv_Val_Dte_One>
				<Contr_And_Wdl>90345.69</Contr_And_Wdl>
				<Dvds_And_Int>2345.69</Dvds_And_Int>
				<Chnge_Inv_Val>67890.00</Chnge_Inv_Val>
				<Inv_Val_Dte_Two>345.50</Inv_Val_Dte_Two>
			</AccountData>
			<AccountData>
				<Acct>J. Smith Managed Command Account  (987654)</Acct>
				<Inv_Stgy_And_Mgr>International Equity Value - NWQ Investment ManagementCompany</Inv_Stgy_And_Mgr>
				<Inv_Val_Dte_One>500.00</Inv_Val_Dte_One>
				<Contr_And_Wdl>245690.00</Contr_And_Wdl>
				<Dvds_And_Int>100.00</Dvds_And_Int>
				<Chnge_Inv_Val>2000.00</Chnge_Inv_Val>
				<Inv_Val_Dte_Two>79760.00</Inv_Val_Dte_Two>
			</AccountData>
			<AccountData>
				<Acct>J. Smith Family Investment Management  (1234567890)</Acct>
				<Inv_Stgy_And_Mgr>Value Growth - EXF Asset Management</Inv_Stgy_And_Mgr>
				<Inv_Val_Dte_One>345.00</Inv_Val_Dte_One>
				<Contr_And_Wdl>1090.07</Contr_And_Wdl>
				<Dvds_And_Int>456.79</Dvds_And_Int>
				<Chnge_Inv_Val>650.00</Chnge_Inv_Val>
				<Inv_Val_Dte_Two>970.80</Inv_Val_Dte_Two>
			</AccountData>
			<InvAccFtrTot>
				<Tot_Inv_Val_Dte_One>10230.26</Tot_Inv_Val_Dte_One>
				<Tot_Contr_And_Wdl>348411.26</Tot_Contr_And_Wdl>
				<Tot_Dvds_And_Int>10472.38</Tot_Dvds_And_Int>
				<Tot_Chnge_Inv_Val>75591.80</Tot_Chnge_Inv_Val>
				<Tot_Inv_Val_Dte_Two>100077.09</Tot_Inv_Val_Dte_Two>
			</InvAccFtrTot>
		</Inv_Acct>
		<Alt_Inv_Acct>
			<AltAccHdrLbls>
				<AltAcctLbl>Account Name &amp; Number</AltAcctLbl>
				<AltInv_Stgy_And_MgrLbl>Investment Strategy and Manager</AltInv_Stgy_And_MgrLbl>
				<AltOpn_Bal_DteLbl>Opening Balance as of 4/30/2006</AltOpn_Bal_DteLbl>
				<AltContr_And_WdlLbl>May 2005 Contributions &amp; Withdrawals</AltContr_And_WdlLbl>
				<AltNet_IncomeLbl>Net Income</AltNet_IncomeLbl>
				<AltCash_Rcv_Not_InvLbl>Cash Recieved &amp; Not Yet Invested</AltCash_Rcv_Not_InvLbl>
				<AltCls_Bal_DteLbl>Closing Balance as of 5/30/2006</AltCls_Bal_DteLbl>
			</AltAccHdrLbls>
			<AltAccountData>
				<AltAcct>J. Smith Ivy Account (IVY-1234567890)</AltAcct>
				<AltInv_Stgy_And_Mgr>Hedge Fund - IVy Asset Management</AltInv_Stgy_And_Mgr>
				<AltOpn_Bal_Dte>1000.00</AltOpn_Bal_Dte>
				<AltContr_And_Wdl>760.00</AltContr_And_Wdl>
				<AltNet_Income>1900.50</AltNet_Income>
				<AltCash_Rcv_Not_Inv>456.79</AltCash_Rcv_Not_Inv>
				<AltCls_Bal_Dte>1999.00</AltCls_Bal_Dte>
			</AltAccountData>
			<AltInvAccFtrTot>
				<Tot_Opn_Bal_Dte>1000.00</Tot_Opn_Bal_Dte>
				<Tot_Cap_Contr_And_Wdl>760.00</Tot_Cap_Contr_And_Wdl>
				<Tot_Net_Income>1900.50</Tot_Net_Income>
				<Tot_Cash_Rcv_Not_Inv>456.79</Tot_Cash_Rcv_Not_Inv>
				<Tot_Cls_Bal_Dte>1999.00</Tot_Cls_Bal_Dte>
			</AltInvAccFtrTot>
		</Alt_Inv_Acct>
	</Portfolio_Summary>
	<Asset_Class_Summary>
		<Fixed_Income>
			<AssetAll_PerCent_BondType_And_Rtg>
				<AssetAll_PerCentHdrLbls>
					<FirstColLbl/>
					<GovtLbl>Govt</GovtLbl>
					<AAALbl>AAA</AAALbl>
					<AALbl>AA</AALbl>
					<ALbl>A</ALbl>
					<BBBLbl>BBB</BBBLbl>
					<BBAndBelowLbl>BB And Below</BBAndBelowLbl>
					<NotRatedLbl>Not Rated</NotRatedLbl>
					<AssetAllTotalLbl>Total</AssetAllTotalLbl>
				</AssetAll_PerCentHdrLbls>
				<AssetAll_PerCentData>
					<FirstCol>Asset Backed</FirstCol>
					<Govt>0</Govt>
					<AAA>10</AAA>
					<AA>0</AA>
					<A>0</A>
					<BBB>0</BBB>
					<BBAndBelow>0</BBAndBelow>
					<NotRated>0</NotRated>
					<AssetAllTotal>10</AssetAllTotal>
				</AssetAll_PerCentData>
				<AssetAll_PerCentData>
					<FirstCol>Corporate Bonds</FirstCol>
					<Govt>0</Govt>
					<AAA>0</AAA>
					<AA>15</AA>
					<A>0</A>
					<BBB>0</BBB>
					<BBAndBelow>0</BBAndBelow>
					<NotRated>0</NotRated>
					<AssetAllTotal>15</AssetAllTotal>
				</AssetAll_PerCentData>
				<AssetAll_PerCentData>
					<FirstCol>Foreign Bonds</FirstCol>
					<Govt>0</Govt>
					<AAA>0</AAA>
					<AA>5</AA>
					<A>0</A>
					<BBB>0</BBB>
					<BBAndBelow>4</BBAndBelow>
					<NotRated>0</NotRated>
					<AssetAllTotal>9</AssetAllTotal>
				</AssetAll_PerCentData>
				<AssetAll_PerCentData>
					<FirstCol>Mortgage Backed Bonds</FirstCol>
					<Govt>0</Govt>
					<AAA>0</AAA>
					<AA>0</AA>
					<A>0</A>
					<BBB>4</BBB>
					<BBAndBelow>0</BBAndBelow>
					<NotRated>0</NotRated>
					<AssetAllTotal>4</AssetAllTotal>
				</AssetAll_PerCentData>
				<AssetAll_PerCentData>
					<FirstCol>Municipal Bonds</FirstCol>
					<Govt>0</Govt>
					<AAA>0</AAA>
					<AA>0</AA>
					<A>7</A>
					<BBB>0</BBB>
					<BBAndBelow>0</BBAndBelow>
					<NotRated>0</NotRated>
					<AssetAllTotal>7</AssetAllTotal>
				</AssetAll_PerCentData>
				<AssetAll_PerCentData>
					<FirstCol>Other Fixed Income</FirstCol>
					<Govt>0</Govt>
					<AAA>0</AAA>
					<AA>0</AA>
					<A>0</A>
					<BBB>0</BBB>
					<BBAndBelow>5</BBAndBelow>
					<NotRated>20</NotRated>
					<AssetAllTotal>25</AssetAllTotal>
				</AssetAll_PerCentData>
				<AssetAll_PerCentData>
					<FirstCol>US Agency Bonds</FirstCol>
					<Govt>10</Govt>
					<AAA>0</AAA>
					<AA>0</AA>
					<A>0</A>
					<BBB>0</BBB>
					<BBAndBelow>0</BBAndBelow>
					<NotRated>0</NotRated>
					<AssetAllTotal>10</AssetAllTotal>
				</AssetAll_PerCentData>
				<AssetAll_PerCentData>
					<FirstCol>US Treasury Bonds</FirstCol>
					<Govt>20</Govt>
					<AAA>0</AAA>
					<AA>0</AA>
					<A>0</A>
					<BBB>0</BBB>
					<BBAndBelow>0</BBAndBelow>
					<NotRated>0</NotRated>
					<AssetAllTotal>20</AssetAllTotal>
				</AssetAll_PerCentData>
				<AssetAll_PerCentFtrTot>
					<Tot_Govt>30</Tot_Govt>
					<Tot_AAA>10</Tot_AAA>
					<Tot_AA>20</Tot_AA>
					<Tot_A>7</Tot_A>
					<Tot_BBB>4</Tot_BBB>
					<Tot_BBAndBelow>9</Tot_BBAndBelow>
					<Tot_NotRated>20</Tot_NotRated>
					<Tot_AssetAllTotal>100</Tot_AssetAllTotal>
					<AssetAll_PerCentFtrTotLbl>Total</AssetAll_PerCentFtrTotLbl>
				</AssetAll_PerCentFtrTot>
			</AssetAll_PerCent_BondType_And_Rtg>
			<AssetVal_Maturity>
				<AssetValData>
					<AssetPeriod>2005</AssetPeriod>
					<AssetMktValue>2</AssetMktValue>
				</AssetValData>
				<AssetValData>
					<AssetPeriod>2006</AssetPeriod>
					<AssetMktValue>10</AssetMktValue>
				</AssetValData>
				<AssetValData>
					<AssetPeriod>2007</AssetPeriod>
					<AssetMktValue>20</AssetMktValue>
				</AssetValData>
				<AssetValData>
					<AssetPeriod>2008</AssetPeriod>
					<AssetMktValue>30</AssetMktValue>
				</AssetValData>
				<AssetValData>
					<AssetPeriod>2009</AssetPeriod>
					<AssetMktValue>0</AssetMktValue>
				</AssetValData>
				<AssetValData>
					<AssetPeriod>2010</AssetPeriod>
					<AssetMktValue>25</AssetMktValue>
				</AssetValData>
				<AssetValData>
					<AssetPeriod>2011</AssetPeriod>
					<AssetMktValue>25</AssetMktValue>
				</AssetValData>
				<AssetValData>
					<AssetPeriod>2012</AssetPeriod>
					<AssetMktValue>20</AssetMktValue>
				</AssetValData>
				<AssetValData>
					<AssetPeriod>2013</AssetPeriod>
					<AssetMktValue>15</AssetMktValue>
				</AssetValData>
				<AssetValData>
					<AssetPeriod>2014</AssetPeriod>
					<AssetMktValue>10</AssetMktValue>
				</AssetValData>
				<AssetValData>
					<AssetPeriod>2015</AssetPeriod>
					<AssetMktValue>8</AssetMktValue>
				</AssetValData>
			</AssetVal_Maturity>
			<Acct_Posn>
				<Acct_PosnHdrLbls>
					<AccountLbl>Account Name And Number</AccountLbl>
					<Invst_Stgy_And_MgrLbl>Investment Strategy and Manager</Invst_Stgy_And_MgrLbl>
					<FI_Val_Dte_OneLbl>Fixed Income Value as of 4/30/2006</FI_Val_Dte_OneLbl>
					<Percent_Acct_Val_OneLbl>% of Account Value</Percent_Acct_Val_OneLbl>
					<Accr_Inc_OneLbl>Accrued Income</Accr_Inc_OneLbl>
					<FI_Val_Dte_TwoLbl>Fixed Income Value as of 5/30/2006</FI_Val_Dte_TwoLbl>
					<Percent_Acct_Val_TwoLbl>% of Account Value</Percent_Acct_Val_TwoLbl>
					<Accr_Inc_TwoLbl>Accrued Income</Accr_Inc_TwoLbl>
				</Acct_PosnHdrLbls>
				<Acct_PosnData>
					<Account>J. Smith Family Investment Management (1234567890)</Account>
					<Invst_Stgy_And_Mgr>Value Growth - EXF Asset Management</Invst_Stgy_And_Mgr>
					<FI_Val_Dte_One>1000.00</FI_Val_Dte_One>
					<Percent_Acct_Val_One>13</Percent_Acct_Val_One>
					<Accr_Inc_One>1000.00</Accr_Inc_One>
					<FI_Val_Dte_Two>1000.00</FI_Val_Dte_Two>
					<Percent_Acct_Val_Two>13</Percent_Acct_Val_Two>
					<Accr_Inc_Two>1000.00</Accr_Inc_Two>
				</Acct_PosnData>
				<Acct_PosnData>
					<Account>J. Smith Trust Holdigs (987654) [1]</Account>
					<Invst_Stgy_And_Mgr>Income - EXF Asset Management</Invst_Stgy_And_Mgr>
					<FI_Val_Dte_One>2000.00</FI_Val_Dte_One>
					<Percent_Acct_Val_One>15</Percent_Acct_Val_One>
					<Accr_Inc_One>2000.00</Accr_Inc_One>
					<FI_Val_Dte_Two>2000.00</FI_Val_Dte_Two>
					<Percent_Acct_Val_Two>15</Percent_Acct_Val_Two>
					<Accr_Inc_Two>2000.00</Accr_Inc_Two>
				</Acct_PosnData>
				<Acct_PosnData>
					<Account>J. Smith Command Account (ARW12345)</Account>
					<Invst_Stgy_And_Mgr>Holding Account - EXF Investment</Invst_Stgy_And_Mgr>
					<FI_Val_Dte_One>3000.00</FI_Val_Dte_One>
					<Percent_Acct_Val_One>17</Percent_Acct_Val_One>
					<Accr_Inc_One>3000.00</Accr_Inc_One>
					<FI_Val_Dte_Two>3000.00</FI_Val_Dte_Two>
					<Percent_Acct_Val_Two>17</Percent_Acct_Val_Two>
					<Accr_Inc_Two>3000.00</Accr_Inc_Two>
				</Acct_PosnData>
				<Acct_PosnData>
					<Account>J. Smith Command Account (ARW12345) [2]</Account>
					<Invst_Stgy_And_Mgr>Large Capitalization Value - MFS Institutional Advisors</Invst_Stgy_And_Mgr>
					<FI_Val_Dte_One>4000.00</FI_Val_Dte_One>
					<Percent_Acct_Val_One>18</Percent_Acct_Val_One>
					<Accr_Inc_One>4000.00</Accr_Inc_One>
					<FI_Val_Dte_Two>4000.00</FI_Val_Dte_Two>
					<Percent_Acct_Val_Two>18</Percent_Acct_Val_Two>
					<Accr_Inc_Two>4000.00</Accr_Inc_Two>
				</Acct_PosnData>
				<Acct_PosnData>
					<Account>J. Smith Command Account (987654)</Account>
					<Invst_Stgy_And_Mgr>International Equity Value - NWQ Investment Management Company</Invst_Stgy_And_Mgr>
					<FI_Val_Dte_One>5000.00</FI_Val_Dte_One>
					<Percent_Acct_Val_One>20</Percent_Acct_Val_One>
					<Accr_Inc_One>5000.00</Accr_Inc_One>
					<FI_Val_Dte_Two>5000.00</FI_Val_Dte_Two>
					<Percent_Acct_Val_Two>20</Percent_Acct_Val_Two>
					<Accr_Inc_Two>5000.00</Accr_Inc_Two>
				</Acct_PosnData>
				<Acct_PosnData>
					<Account>J. Smith Municipal Bond Account (12345678)</Account>
					<Invst_Stgy_And_Mgr>Non-taxable Income Gannett And Kotler</Invst_Stgy_And_Mgr>
					<FI_Val_Dte_One>6000.00</FI_Val_Dte_One>
					<Percent_Acct_Val_One>21</Percent_Acct_Val_One>
					<Accr_Inc_One>6000.00</Accr_Inc_One>
					<FI_Val_Dte_Two>6000.00</FI_Val_Dte_Two>
					<Percent_Acct_Val_Two>21</Percent_Acct_Val_Two>
					<Accr_Inc_Two>6000.00</Accr_Inc_Two>
				</Acct_PosnData>
				<Acct_PosnFtrTot>
					<Tot_FI_Val_Dte_One>100.00</Tot_FI_Val_Dte_One>
					<Tot_Percent_Acct_Val_One>9</Tot_Percent_Acct_Val_One>
					<Tot_Accr_Inc_One>100.00</Tot_Accr_Inc_One>
					<Tot_FI_Val_Dte_Two>100.00</Tot_FI_Val_Dte_Two>
					<Tot_Percent_Acct_Val_Two>9.00</Tot_Percent_Acct_Val_Two>
					<Tot_Accr_Inc_Two>100.00</Tot_Accr_Inc_Two>
					<Acct_PosnFtrTotLbl>Portfolio Totals</Acct_PosnFtrTotLbl>
				</Acct_PosnFtrTot>
			</Acct_Posn>
		</Fixed_Income>
	</Asset_Class_Summary>
	<Inv_Acc_Detail>
		<Acct>J. Smith Family Invetsment Management (123456) - Value Growth - EXF Asset Management</Acct>
		<Acct_CtsOne>James M. McCarthy, CFA, Vice President, 859-296-0600, jmmccarthy@gwkinc.com</Acct_CtsOne>
		<Acct_CtsTwo>Lindley A. Douglas, Portfolio Administrator, 859-236-8900, ldouglas@gwkinc.com</Acct_CtsTwo>
		<AssetAll_PerCent_SecType>
			<Asset>
				<SecType>Equities</SecType>
				<Allocation>10</Allocation>
			</Asset>
			<Asset>
				<SecType>Fixed Income</SecType>
				<Allocation>20</Allocation>
			</Asset>
			<Asset>
				<SecType>Mutual Funds-Equity</SecType>
				<Allocation>10</Allocation>
			</Asset>
			<Asset>
				<SecType>Mutual Funds-Fixed Income</SecType>
				<Allocation>20</Allocation>
			</Asset>
			<Asset>
				<SecType>Hedge Funds</SecType>
				<Allocation>5</Allocation>
			</Asset>
			<Asset>
				<SecType>Private Equity Funds</SecType>
				<Allocation>10</Allocation>
			</Asset>
			<Asset>
				<SecType>Other</SecType>
				<Allocation>10</Allocation>
			</Asset>
			<Asset>
				<SecType>Cash &amp; Short Term</SecType>
				<Allocation>15</Allocation>
			</Asset>
		</AssetAll_PerCent_SecType>
		<PerformanceType>
			<PerformData>
				<Period>5/05</Period>
				<MktValue>4.50</MktValue>
			</PerformData>
			<PerformData>
				<Period>6/05</Period>
				<MktValue>4.90</MktValue>
			</PerformData>
			<PerformData>
				<Period>7/05</Period>
				<MktValue>4.87</MktValue>
			</PerformData>
			<PerformData>
				<Period>8/05</Period>
				<MktValue>4.70</MktValue>
			</PerformData>
			<PerformData>
				<Period>9/05</Period>
				<MktValue>4.20</MktValue>
			</PerformData>
			<PerformData>
				<Period>10/05</Period>
				<MktValue>4.50</MktValue>
			</PerformData>
			<PerformData>
				<Period>11/05</Period>
				<MktValue>4.60</MktValue>
			</PerformData>
			<PerformData>
				<Period>12/05</Period>
				<MktValue>5.11</MktValue>
			</PerformData>
			<PerformData>
				<Period>1/06</Period>
				<MktValue>5.20</MktValue>
			</PerformData>
			<PerformData>
				<Period>2/06</Period>
				<MktValue>4.30</MktValue>
			</PerformData>
			<PerformData>
				<Period>3/06</Period>
				<MktValue>4.98</MktValue>
			</PerformData>
			<PerformData>
				<Period>4/06</Period>
				<MktValue>5.25</MktValue>
			</PerformData>
			<PerformData>
				<Period>5/06</Period>
				<MktValue>5.89</MktValue>
			</PerformData>
		</PerformanceType>
		<Inv_Acct_Dtl_Tbl>
			<InvAccDetailHdrLbls>
				<Shr_Per_Par_ValLbl>Shares / Par Value</Shr_Per_Par_ValLbl>
				<DescLbl>Description</DescLbl>
				<Curr_PriceLbl>Current Price</Curr_PriceLbl>
				<CostLbl>Cost </CostLbl>
				<Mkt_ValLbl>Market Value</Mkt_ValLbl>
				<Unrl_Gain_LossLbl>Unrealized Gain Loss</Unrl_Gain_LossLbl>
				<Est_Ann_IncLbl>Estimated Annual Income</Est_Ann_IncLbl>
				<Yld_PerCentLbl>Yield %</Yld_PerCentLbl>
				<Accr_IncLbl>Accrued Income</Accr_IncLbl>
			</InvAccDetailHdrLbls>
			<InvAccDetailFtrTot>
				<Tot_Curr_Price>1050.00</Tot_Curr_Price>
				<Tot_Cost>1050.00</Tot_Cost>
				<Tot_Mkt_Val>1050.00</Tot_Mkt_Val>
				<Tot_Unrl_Gain_Loss>1050.00</Tot_Unrl_Gain_Loss>
				<Tot_Est_Ann_Inc>1050.00</Tot_Est_Ann_Inc>
				<Tot_Yld_PerCent>1050.00</Tot_Yld_PerCent>
				<Tot_Accr_Inc>1050.00</Tot_Accr_Inc>
				<InvAccDetailFtrTotLbl>Total Account Value (Principal Plus Income)</InvAccDetailFtrTotLbl>
			</InvAccDetailFtrTot>
			<InvAccDetailGpOne>
				<InvAccDetailGpOneHdrLbl>Equities</InvAccDetailGpOneHdrLbl>
				<InvAccDetailGpTwo>
					<InvAccDetailGpTwoHdrLbl>Health Care</InvAccDetailGpTwoHdrLbl>
					<InvAccDetailData>
						<Shr_Per_Par_Val>1000.00</Shr_Per_Par_Val>
						<Desc>JOHNSON &amp; JOHNSON (JNJ)</Desc>
						<Curr_Price>2000.00</Curr_Price>
						<Cost>3000.00</Cost>
						<Mkt_Val>4000.00</Mkt_Val>
						<Unrl_Gain_Loss>5000.00</Unrl_Gain_Loss>
						<Est_Ann_Inc>6000.00</Est_Ann_Inc>
						<Yld_PerCent>7000.00</Yld_PerCent>
						<Accr_Inc>8000.00</Accr_Inc>
					</InvAccDetailData>
					<InvAccDetailData>
						<Shr_Per_Par_Val>8000.00</Shr_Per_Par_Val>
						<Desc>PFIZER INC (PFI)</Desc>
						<Curr_Price>7000.00</Curr_Price>
						<Cost>6000.00</Cost>
						<Mkt_Val>5000.00</Mkt_Val>
						<Unrl_Gain_Loss>4000.00</Unrl_Gain_Loss>
						<Est_Ann_Inc>3000.00</Est_Ann_Inc>
						<Yld_PerCent>2000.00</Yld_PerCent>
						<Accr_Inc>1000.00</Accr_Inc>
					</InvAccDetailData>
					<InvAccDetailGpTwoFtr>
						<Tot_Curr_Price_GpTwo>9000.00</Tot_Curr_Price_GpTwo>
						<Tot_Cost_GpTwo>9000.00</Tot_Cost_GpTwo>
						<Tot_Mkt_Val_GpTwo>9000.00</Tot_Mkt_Val_GpTwo>
						<Tot_Unrl_Gain_Loss_GpTwo>9000.00</Tot_Unrl_Gain_Loss_GpTwo>
						<Tot_Est_Ann_Inc_GpTwo>9000.00</Tot_Est_Ann_Inc_GpTwo>
						<Tot_Yld_PerCent_GpTwo>9000.00</Tot_Yld_PerCent_GpTwo>
						<Tot_Accr_Inc_GpTwo>9000.00</Tot_Accr_Inc_GpTwo>
						<InvAccDetailGpTwoFtrLbl>Total Health Care</InvAccDetailGpTwoFtrLbl>
					</InvAccDetailGpTwoFtr>
				</InvAccDetailGpTwo>
				<InvAccDetailGpTwo>
					<InvAccDetailGpTwoHdrLbl>Technology</InvAccDetailGpTwoHdrLbl>
					<InvAccDetailData>
						<Shr_Per_Par_Val>1050.00</Shr_Per_Par_Val>
						<Desc>INTERNATIONAL BUSINESS MACHINES CORP (IBM)</Desc>
						<Curr_Price>1050.00</Curr_Price>
						<Cost>1050.00</Cost>
						<Mkt_Val>1050.00</Mkt_Val>
						<Unrl_Gain_Loss>1050.00</Unrl_Gain_Loss>
						<Est_Ann_Inc>1050.00</Est_Ann_Inc>
						<Yld_PerCent>1050.00</Yld_PerCent>
						<Accr_Inc>1050.00</Accr_Inc>
					</InvAccDetailData>
					<InvAccDetailData>
						<Shr_Per_Par_Val>1050.00</Shr_Per_Par_Val>
						<Desc>NOKIA CORP ADR (NOK)</Desc>
						<Curr_Price>1050.00</Curr_Price>
						<Cost>1050.00</Cost>
						<Mkt_Val>1050.00</Mkt_Val>
						<Unrl_Gain_Loss>1050.00</Unrl_Gain_Loss>
						<Est_Ann_Inc>1050.00</Est_Ann_Inc>
						<Yld_PerCent>1050.00</Yld_PerCent>
						<Accr_Inc>1050.00</Accr_Inc>
					</InvAccDetailData>
					<InvAccDetailGpTwoFtr>
						<Tot_Curr_Price_GpTwo>1050.00</Tot_Curr_Price_GpTwo>
						<Tot_Cost_GpTwo>1050.00</Tot_Cost_GpTwo>
						<Tot_Mkt_Val_GpTwo>1050.00</Tot_Mkt_Val_GpTwo>
						<Tot_Unrl_Gain_Loss_GpTwo>1050.00</Tot_Unrl_Gain_Loss_GpTwo>
						<Tot_Est_Ann_Inc_GpTwo>1050.00</Tot_Est_Ann_Inc_GpTwo>
						<Tot_Yld_PerCent_GpTwo>1050.00</Tot_Yld_PerCent_GpTwo>
						<Tot_Accr_Inc_GpTwo>1050.00</Tot_Accr_Inc_GpTwo>
						<InvAccDetailGpTwoFtrLbl>Total Technology</InvAccDetailGpTwoFtrLbl>
					</InvAccDetailGpTwoFtr>
				</InvAccDetailGpTwo>
				<InvAccDetailGpOneFtr>
					<Tot_Curr_Price_GpOne>1050.00</Tot_Curr_Price_GpOne>
					<Tot_Cost_GpOne>1050.00</Tot_Cost_GpOne>
					<Tot_Mkt_Val_GpOne>1050.00</Tot_Mkt_Val_GpOne>
					<Tot_Unrl_Gain_Loss_GpOne>1050.00</Tot_Unrl_Gain_Loss_GpOne>
					<Tot_Est_Ann_Inc_GpOne>1050.00</Tot_Est_Ann_Inc_GpOne>
					<Tot_Yld_PerCent_GpOne>1050.00</Tot_Yld_PerCent_GpOne>
					<Tot_Accr_Inc_GpOne>1050.00</Tot_Accr_Inc_GpOne>
					<InvAccDetailGpOneFtrLbl>Total Equities</InvAccDetailGpOneFtrLbl>
				</InvAccDetailGpOneFtr>
			</InvAccDetailGpOne>
			<InvAccDetailGpOne>
				<InvAccDetailGpOneHdrLbl>FIXED INCOME</InvAccDetailGpOneHdrLbl>
				<InvAccDetailGpTwo>
					<InvAccDetailGpTwoHdrLbl>Treasuries</InvAccDetailGpTwoHdrLbl>
					<InvAccDetailData>
						<Shr_Per_Par_Val>1050.00</Shr_Per_Par_Val>
						<Desc>US Treasury Bonds, Rate:12.50%, Maturity:08/15/2014,CUSIP:0123456789</Desc>
						<Curr_Price>1050.00</Curr_Price>
						<Cost>1050.00</Cost>
						<Mkt_Val>1050.00</Mkt_Val>
						<Unrl_Gain_Loss>1050.00</Unrl_Gain_Loss>
						<Est_Ann_Inc>1050.00</Est_Ann_Inc>
						<Yld_PerCent>1050.00</Yld_PerCent>
						<Accr_Inc>1050.00</Accr_Inc>
					</InvAccDetailData>
					<InvAccDetailGpTwoFtr>
						<Tot_Curr_Price_GpTwo>1050.00</Tot_Curr_Price_GpTwo>
						<Tot_Cost_GpTwo>1050.00</Tot_Cost_GpTwo>
						<Tot_Mkt_Val_GpTwo>1050.00</Tot_Mkt_Val_GpTwo>
						<Tot_Unrl_Gain_Loss_GpTwo>1050.00</Tot_Unrl_Gain_Loss_GpTwo>
						<Tot_Est_Ann_Inc_GpTwo>1050.00</Tot_Est_Ann_Inc_GpTwo>
						<Tot_Yld_PerCent_GpTwo>1050.00</Tot_Yld_PerCent_GpTwo>
						<Tot_Accr_Inc_GpTwo>1050.00</Tot_Accr_Inc_GpTwo>
						<InvAccDetailGpTwoFtrLbl>Total Treasuries</InvAccDetailGpTwoFtrLbl>
					</InvAccDetailGpTwoFtr>
				</InvAccDetailGpTwo>
				<InvAccDetailGpTwo>
					<InvAccDetailGpTwoHdrLbl>Municipal Bonds</InvAccDetailGpTwoHdrLbl>
					<InvAccDetailData>
						<Shr_Per_Par_Val>1050.00</Shr_Per_Par_Val>
						<Desc>Alabama Mental Health FIN AUTH SPL TAX RFDG MBIA CALL, Rate 5.125%, Maturity: 08/01/2005, CUSIP: 01031BP1</Desc>
						<Curr_Price>1050.00</Curr_Price>
						<Cost>1050.00</Cost>
						<Mkt_Val>1050.00</Mkt_Val>
						<Unrl_Gain_Loss>1050.00</Unrl_Gain_Loss>
						<Est_Ann_Inc>1050.00</Est_Ann_Inc>
						<Yld_PerCent>1050.00</Yld_PerCent>
						<Accr_Inc>1050.00</Accr_Inc>
					</InvAccDetailData>
					<InvAccDetailData>
						<Shr_Per_Par_Val>1050.00</Shr_Per_Par_Val>
						<Desc>Allentown PA Area Hosp AUTH, Rate: 8.00%, Maturity: 03/01/2009 CUSIP:01234567890</Desc>
						<Curr_Price>1050.00</Curr_Price>
						<Cost>1050.00</Cost>
						<Mkt_Val>1050.00</Mkt_Val>
						<Unrl_Gain_Loss>1050.00</Unrl_Gain_Loss>
						<Est_Ann_Inc>1050.00</Est_Ann_Inc>
						<Yld_PerCent>1050.00</Yld_PerCent>
						<Accr_Inc>1050.00</Accr_Inc>
					</InvAccDetailData>
					<InvAccDetailGpTwoFtr>
						<Tot_Curr_Price_GpTwo>1050.00</Tot_Curr_Price_GpTwo>
						<Tot_Cost_GpTwo>1050.00</Tot_Cost_GpTwo>
						<Tot_Mkt_Val_GpTwo>1050.00</Tot_Mkt_Val_GpTwo>
						<Tot_Unrl_Gain_Loss_GpTwo>1050.00</Tot_Unrl_Gain_Loss_GpTwo>
						<Tot_Est_Ann_Inc_GpTwo>1050.00</Tot_Est_Ann_Inc_GpTwo>
						<Tot_Yld_PerCent_GpTwo>1050.00</Tot_Yld_PerCent_GpTwo>
						<Tot_Accr_Inc_GpTwo>1050.00</Tot_Accr_Inc_GpTwo>
						<InvAccDetailGpTwoFtrLbl>Total Municipal Bonds</InvAccDetailGpTwoFtrLbl>
					</InvAccDetailGpTwoFtr>
				</InvAccDetailGpTwo>
				<InvAccDetailGpOneFtr>
					<Tot_Curr_Price_GpOne>3150.00</Tot_Curr_Price_GpOne>
					<Tot_Cost_GpOne>3150.00</Tot_Cost_GpOne>
					<Tot_Mkt_Val_GpOne>3150.00</Tot_Mkt_Val_GpOne>
					<Tot_Unrl_Gain_Loss_GpOne>3150.00</Tot_Unrl_Gain_Loss_GpOne>
					<Tot_Est_Ann_Inc_GpOne>3150.00</Tot_Est_Ann_Inc_GpOne>
					<Tot_Yld_PerCent_GpOne>3150.00</Tot_Yld_PerCent_GpOne>
					<Tot_Accr_Inc_GpOne>3150.00</Tot_Accr_Inc_GpOne>
					<InvAccDetailGpOneFtrLbl>Total Fixed Income</InvAccDetailGpOneFtrLbl>
				</InvAccDetailGpOneFtr>
			</InvAccDetailGpOne>
			<InvAccDetailGpOne>
				<InvAccDetailGpOneHdrLbl>EQUITY MUTUAL FUNDS</InvAccDetailGpOneHdrLbl>
				<InvAccDetailGpTwo>
					<InvAccDetailGpTwoHdrLbl>Large Cap Blend</InvAccDetailGpTwoHdrLbl>
					<InvAccDetailData>
						<Shr_Per_Par_Val>1050.00</Shr_Per_Par_Val>
						<Desc>EXF Hamilton FDS - MULTI CAP EQ FD</Desc>
						<Curr_Price>1050.00</Curr_Price>
						<Cost>1050.00</Cost>
						<Mkt_Val>1050.00</Mkt_Val>
						<Unrl_Gain_Loss>1050.00</Unrl_Gain_Loss>
						<Est_Ann_Inc>1050.00</Est_Ann_Inc>
						<Yld_PerCent>1050.00</Yld_PerCent>
						<Accr_Inc>1050.00</Accr_Inc>
					</InvAccDetailData>
					<InvAccDetailData>
						<Shr_Per_Par_Val>1050.00</Shr_Per_Par_Val>
						<Desc>Van Kampen Growth and Income Fund</Desc>
						<Curr_Price>1050.00</Curr_Price>
						<Cost>1050.00</Cost>
						<Mkt_Val>1050.00</Mkt_Val>
						<Unrl_Gain_Loss>1050.00</Unrl_Gain_Loss>
						<Est_Ann_Inc>1050.00</Est_Ann_Inc>
						<Yld_PerCent>1050.00</Yld_PerCent>
						<Accr_Inc>1050.00</Accr_Inc>
					</InvAccDetailData>
					<InvAccDetailGpTwoFtr>
						<Tot_Curr_Price_GpTwo>1050.00</Tot_Curr_Price_GpTwo>
						<Tot_Cost_GpTwo>1050.00</Tot_Cost_GpTwo>
						<Tot_Mkt_Val_GpTwo>1050.00</Tot_Mkt_Val_GpTwo>
						<Tot_Unrl_Gain_Loss_GpTwo>1050.00</Tot_Unrl_Gain_Loss_GpTwo>
						<Tot_Est_Ann_Inc_GpTwo>1050.00</Tot_Est_Ann_Inc_GpTwo>
						<Tot_Yld_PerCent_GpTwo>1050.00</Tot_Yld_PerCent_GpTwo>
						<Tot_Accr_Inc_GpTwo>1050.00</Tot_Accr_Inc_GpTwo>
						<InvAccDetailGpTwoFtrLbl>Total Large Cap Blend</InvAccDetailGpTwoFtrLbl>
					</InvAccDetailGpTwoFtr>
				</InvAccDetailGpTwo>
				<InvAccDetailGpOneFtr>
					<Tot_Curr_Price_GpOne>3150.00</Tot_Curr_Price_GpOne>
					<Tot_Cost_GpOne>3150.00</Tot_Cost_GpOne>
					<Tot_Mkt_Val_GpOne>3150.00</Tot_Mkt_Val_GpOne>
					<Tot_Unrl_Gain_Loss_GpOne>1050.00</Tot_Unrl_Gain_Loss_GpOne>
					<Tot_Est_Ann_Inc_GpOne>3150.00</Tot_Est_Ann_Inc_GpOne>
					<Tot_Yld_PerCent_GpOne>3150.00</Tot_Yld_PerCent_GpOne>
					<Tot_Accr_Inc_GpOne>3150.00</Tot_Accr_Inc_GpOne>
					<InvAccDetailGpOneFtrLbl>TOTAL EQUITY MUTUAL FUNDS</InvAccDetailGpOneFtrLbl>
				</InvAccDetailGpOneFtr>
			</InvAccDetailGpOne>
		</Inv_Acct_Dtl_Tbl>
	</Inv_Acc_Detail>
</INVACC_SUM_REPORT>
