<?xml version="1.0"?>
<FORM>
<Customer>
	<SSN>123-45-6789</SSN>
	<DOB>
		<Month>02</Month>
		<Day>27</Day>
		<Year>1975</Year>
	</DOB>
	<FirstName>Christian</FirstName>
	<MiddleInit></MiddleInit>
	<LastName>Cole</LastName>
	<Citizenship>American</Citizenship>
	<ResidenceAddr1>810 Bull Lea Run</ResidenceAddr1>
	<ResidenceAddr2>Suite 100</ResidenceAddr2>
	<ResidenceCity>Lexington</ResidenceCity>
	<ResidenceState>KY</ResidenceState>
	<ResidenceZip>40511</ResidenceZip>
	<DayPhone>859-296-0600</DayPhone>
	<DayPhoneExt>6226</DayPhoneExt>
	<Funds>
		<Owned>
			<Name>The New Economy Fund</Name>
			<Name>Capital Income Builder</Name>
			<Name>The Cash Management Trust of America</Name>
		</Owned>
		<Purchased>
			<Category>xxx</Category>
			<Name>xxx</Name>
			<Class>x</Class>
			<Amount>$0.00</Amount>
		</Purchased>
	</Funds>
	<Transaction>
		<Month>xxx</Month>
		<Day>xxx</Day>
		<Frequency>xxx</Frequency>
	</Transaction>
	<CompanyName>Greener Financial</CompanyName>
</Customer>
</FORM>