<?xml version="1.0"?>
<Market_Comparisons>
  <Comparison Comparison_Description="$10,000 over 5 years" Default_Chart_Type="Bar">
    <Period Period_Year_End="2002">
      <Exstream_Fund>10000</Exstream_Fund>
      <SandP_500>10000</SandP_500>
      <DJIA>10000</DJIA>
    </Period>
    <Period Period_Year_End="2003">
      <Exstream_Fund>9765</Exstream_Fund>
      <SandP_500>10088</SandP_500>
      <DJIA>9244</DJIA>
    </Period>
    <Period Period_Year_End="2004">
      <Exstream_Fund>10954</Exstream_Fund>
      <SandP_500>10624</SandP_500>
      <DJIA>10000</DJIA>
    </Period>
    <Period Period_Year_End="2005">
      <Exstream_Fund>12567</Exstream_Fund>
      <SandP_500>11344</SandP_500>
      <DJIA>11444</DJIA>
    </Period>
    <Period Period_Year_End="2006">
      <Exstream_Fund>14756</Exstream_Fund>
      <SandP_500>12435</SandP_500>
      <DJIA>12867</DJIA>
    </Period>
  </Comparison>
</Market_Comparisons>