<?xml version="1.0"?>
<Root>
      <Customer>
      <AgentName>xxx</AgentName>
      <AgentPhone>xxx</AgentPhone>
      <AgentFax>xxx</AgentFax>
      <AgentAddr1>xxx</AgentAddr1>
      <AgentAddr2>xxx</AgentAddr2>
      <AgentCity>xxx</AgentCity>
      <AgentState>xxx</AgentState>
      <AgentZip>xxx</AgentZip>
      <VacationImage3>xxx</VacationImage3>
      <VacationTitle3>xxx</VacationTitle3>
      <Vacation3Price1>xxx</Vacation3Price1>
      <Vacation3Price2>xxx</Vacation3Price2>
      <VacationDesc3>xxx</VacationDesc3>
      <VacationDetail3>xxx</VacationDetail3>
      </Customer>
</Root>