<?xml version="1.0"?>
<!--Mapping for OneBill Statement-->
<OneBillCustomers>
  <Customer>
    <AccountNumber>555123</AccountNumber>
    <CustomerFirstName>Maureen</CustomerFirstName>
    <CustomerLastName>Dunbar</CustomerLastName>
    <AddressLine1>1019 North Upper Street</AddressLine1>
    <AddressLine2>Apt 3</AddressLine2>
    <CustomerCity>Lexington</CustomerCity>
    <CustomerState>KY</CustomerState>
    <CustomerZip>40507-3241</CustomerZip>
      <Summary PreviousBalance="232.12" PaymentReceived="232.12" BeginningBalance="000.00" TaxesSurcharges="8.04" DueDate="05/30/05" TotalAmountDue="120.99"/>
      <ServiceOffering>
        <Service>Local Premium</Service>
        <ServicePrice>39.99</ServicePrice>
        <Service>Caller ID</Service>
        <ServicePrice>4.99</ServicePrice>
        <Service>Voicemail</Service>
        <ServicePrice>2.99</ServicePrice>
        <Service>MyMedia</Service>
        <ServicePrice>14.99</ServicePrice>
        <Service>VivaSpeed DSL</Service>
        <ServicePrice>49.99</ServicePrice>
      </ServiceOffering>
  </Customer>
  <Customer>
    <AccountNumber>555234</AccountNumber>
    <CustomerFirstName>George</CustomerFirstName>
    <CustomerLastName>Wilson</CustomerLastName>
    <AddressLine1>3120 Rose Street</AddressLine1>
    <AddressLine2/>
    <CustomerCity>Lexington</CustomerCity>
    <CustomerState>KY</CustomerState>
    <CustomerZip>40503-1274</CustomerZip>
      <Summary PreviousBalance="123.20" PaymentReceived="110.00" BeginningBalance="13.20" TaxesSurcharges="6.00" DueDate="05/22/05" TotalAmountDue="67.17"/>
      <ServiceOffering>
        <Service>Local Premium</Service>
        <ServicePrice>39.99</ServicePrice>
        <Service>Caller ID</Service>
        <ServicePrice>4.99</ServicePrice>
        <Service>Voicemail</Service>
        <ServicePrice>2.99</ServicePrice>
      </ServiceOffering>
  </Customer>
  <Customer>
    <AccountNumber>555345</AccountNumber>
    <CustomerFirstName>Kim</CustomerFirstName>
    <CustomerLastName>Torres</CustomerLastName>
    <AddressLine1>2990 Red Mile Road</AddressLine1>
    <AddressLine2>Apt. 815</AddressLine2>
    <CustomerCity>Lexington</CustomerCity>
    <CustomerState>KY</CustomerState>
    <CustomerZip>40504-1148</CustomerZip>
      <Summary PreviousBalance="300.00" PaymentReceived="300.00" BeginningBalance="000.00" TaxesSurcharges="8.50" DueDate="05/15/05" TotalAmountDue="173.46"/>
      <ServiceOffering>
        <Service>Local Premium</Service>
        <ServicePrice>39.99</ServicePrice>  
        <Service>VivaTalk Wireless</Service>
        <ServicePrice>59.99</ServicePrice>
        <Service>MyMedia</Service>
        <ServicePrice>14.99</ServicePrice>
        <Service>VivaSpeed DSL</Service>
        <ServicePrice>49.99</ServicePrice>
      </ServiceOffering>
  </Customer>
  <Customer>
    <AccountNumber>389222</AccountNumber>
    <CustomerFirstName>Paul</CustomerFirstName>
    <CustomerLastName>Alderman</CustomerLastName>
    <AddressLine1>31610 Newtown Pike</AddressLine1>
    <AddressLine2/>      
    <CustomerCity>Lexington</CustomerCity>
    <CustomerState>KY</CustomerState>
    <CustomerZip>40511-3485</CustomerZip>
      <Summary PreviousBalance="200.12" PaymentReceived="200.12" BeginningBalance="000.00" TaxesSurcharges="9.00" DueDate="05/30/05" TotalAmountDue="121.95"/>
      <ServiceOffering>
        <Service>Local Premium</Service>
        <ServicePrice>39.99</ServicePrice>
        <Service>Caller ID</Service>
        <ServicePrice>4.99</ServicePrice>
        <Service>Voicemail</Service>
        <ServicePrice>2.99</ServicePrice>
        <Service>MyMedia</Service>
        <ServicePrice>14.99</ServicePrice>
        <Service>VivaSpeed DSL</Service>
        <ServicePrice>49.99</ServicePrice>
      </ServiceOffering>
  </Customer>
  <Customer>
    <AccountNumber>389345</AccountNumber>
    <CustomerFirstName>Manuel</CustomerFirstName>
    <CustomerLastName>Villa</CustomerLastName>
    <AddressLine1>930 Georgetown Road</AddressLine1>
    <AddressLine2/>
    <CustomerCity>Bowling Green</CustomerCity>
    <CustomerState>KY</CustomerState>
    <CustomerZip>40507-1258</CustomerZip>
      <Summary PreviousBalance="100.00" PaymentReceived="100.00" BeginningBalance="000.00" TaxesSurcharges="8.00" DueDate="05/22/05" TotalAmountDue="105.96"/>
      <ServiceOffering>
        <Service>Local Premium</Service>
        <ServicePrice>39.99</ServicePrice>
        <Service>Caller ID</Service>
        <ServicePrice>4.99</ServicePrice>
        <Service>Voicemail</Service>
        <ServicePrice>2.99</ServicePrice>
        <Service>VivaSpeed DSL</Service>
        <ServicePrice>49.99</ServicePrice>
      </ServiceOffering>
  </Customer>
</OneBillCustomers>